country,isoCode,continent,continentCode,year,halfDecade,pandemicPeriod,evChargingPoints,fastChargingPoints,slowChargingPoints,chargingPointsPerEv
Australia,AUS,Oceania,OC,2017,2015-2019,Pre-Pandemic,480.0,40.0,440.0,0.06575342465753424
Australia,AUS,Oceania,OC,2018,2015-2019,Pre-Pandemic,731.0,61.0,670.0,0.06706422018348623
Australia,AUS,Oceania,OC,2019,2015-2019,Pre-Pandemic,1700.0,0.0,1700.0,0.0825242718446602
Australia,AUS,Oceania,OC,2020,2020-2023,Pandemic,2300.0,0.0,2300.0,0.08518518518518518
Australia,AUS,Oceania,OC,2021,2020-2023,Pandemic,2320.0,320.0,2000.0,0.04828906835400883
Australia,AUS,Oceania,OC,2022,2020-2023,Post-Pandemic,2570.0,470.0,2100.0,0.029171396140749147
Australia,AUS,Oceania,OC,2023,2020-2023,Post-Pandemic,2760.0,660.0,2100.0,0.015243144727031728
Austria,AUT,Europe,EU,2011,2010-2014,Pre-Pandemic,0.200000002980232,0.100000001490116,0.100000001490116,0.00020202020503053735
Austria,AUT,Europe,EU,2012,2010-2014,Pre-Pandemic,0.200000002980232,0.100000001490116,0.100000001490116,0.00012987013180534545
Austria,AUT,Europe,EU,2013,2010-2014,Pre-Pandemic,0.200000002980232,0.100000001490116,0.100000001490116,7.968127608774183e-05
Austria,AUT,Europe,EU,2014,2010-2014,Pre-Pandemic,0.200000002980232,0.100000001490116,0.100000001490116,4.78125754196108e-05
Austria,AUT,Europe,EU,2015,2015-2019,Pre-Pandemic,0.200000002980232,0.100000001490116,0.100000001490116,3.0740855053832155e-05
Austria,AUT,Europe,EU,2016,2015-2019,Pre-Pandemic,0.200000002980232,0.100000001490116,0.100000001490116,1.7523876542559535e-05
Austria,AUT,Europe,EU,2017,2015-2019,Pre-Pandemic,0.200000002980232,0.100000001490116,0.100000001490116,1.0571383423026164e-05
Austria,AUT,Europe,EU,2018,2015-2019,Pre-Pandemic,0.200000002980232,0.100000001490116,0.100000001490116,7.483909705891034e-06
Austria,AUT,Europe,EU,2019,2015-2019,Pre-Pandemic,0.200000002980232,0.100000001490116,0.100000001490116,5.257485423102231e-06
Austria,AUT,Europe,EU,2020,2020-2023,Pandemic,0.200000002980232,0.100000001490116,0.100000001490116,3.3308352565614456e-06
Austria,AUT,Europe,EU,2021,2020-2023,Pandemic,10500.0,1600.0,8900.0,0.09900523313375136
Austria,AUT,Europe,EU,2022,2020-2023,Post-Pandemic,15600.0,2600.0,13000.0,0.10258973313516855
Austria,AUT,Europe,EU,2023,2020-2023,Post-Pandemic,17500.0,2500.0,15000.0,0.07915364400761685
Belgium,BEL,Europe,EU,2013,2010-2014,Pre-Pandemic,377.0,47.0,330.0,0.16898251904975348
Belgium,BEL,Europe,EU,2014,2010-2014,Pre-Pandemic,615.0,55.0,560.0,0.14396067415730338
Belgium,BEL,Europe,EU,2015,2015-2019,Pre-Pandemic,1377.0,77.0,1300.0,0.17706056319917707
Belgium,BEL,Europe,EU,2016,2015-2019,Pre-Pandemic,1610.0,110.0,1500.0,0.0944780235901649
Belgium,BEL,Europe,EU,2017,2015-2019,Pre-Pandemic,1720.0,220.0,1500.0,0.05465696399631383
Belgium,BEL,Europe,EU,2018,2015-2019,Pre-Pandemic,2940.0,240.0,2700.0,0.06500254261646289
Belgium,BEL,Europe,EU,2019,2015-2019,Pre-Pandemic,6460.0,360.0,6100.0,0.10471543661149925
Belgium,BEL,Europe,EU,2020,2020-2023,Pandemic,8480.0,480.0,8000.0,0.07909709915119859
Belgium,BEL,Europe,EU,2021,2020-2023,Pandemic,12790.0,790.0,12000.0,0.07311078083914485
Belgium,BEL,Europe,EU,2022,2020-2023,Post-Pandemic,24100.0,1100.0,23000.0,0.08770206045255718
Belgium,BEL,Europe,EU,2023,2020-2023,Post-Pandemic,44000.0,2000.0,42000.0,0.09187779418121224
Brazil,BRA,South America,SA,2018,2015-2019,Pre-Pandemic,30.90000009536743,4.90000009536743,26.0,0.027491103287693445
Brazil,BRA,South America,SA,2019,2015-2019,Pre-Pandemic,224.90000009536743,4.90000009536743,220.0,0.07101357754826884
Brazil,BRA,South America,SA,2020,2020-2023,Pandemic,404.90000009536743,4.90000009536743,400.0,0.0722906623987444
Brazil,BRA,South America,SA,2021,2020-2023,Pandemic,804.9000000953674,4.90000009536743,800.0,0.03964634026674059
Brazil,BRA,South America,SA,2022,2020-2023,Post-Pandemic,3004.9000000953674,4.90000009536743,3000.0,0.07128217293548493
Brazil,BRA,South America,SA,2023,2020-2023,Post-Pandemic,3804.9000000953674,4.90000009536743,3800.0,0.03938575243872396
Canada,CAN,North America,NA,2012,2010-2014,Pre-Pandemic,722.0,2.0,720.0,0.2959016393442623
Canada,CAN,North America,NA,2013,2010-2014,Pre-Pandemic,1207.0,7.0,1200.0,0.21873867343240305
Canada,CAN,North America,NA,2014,2010-2014,Pre-Pandemic,2355.0,55.0,2300.0,0.21960089518836254
Canada,CAN,North America,NA,2015,2015-2019,Pre-Pandemic,3463.0,63.0,3400.0,0.19622620126926563
Canada,CAN,North America,NA,2016,2015-2019,Pre-Pandemic,4040.0,140.0,3900.0,0.13908014321123657
Canada,CAN,North America,NA,2017,2015-2019,Pre-Pandemic,5870.0,670.0,5200.0,0.12476619622513178
Canada,CAN,North America,NA,2018,2015-2019,Pre-Pandemic,7940.0,840.0,7100.0,0.09118680662425063
Canada,CAN,North America,NA,2019,2015-2019,Pre-Pandemic,8980.0,980.0,8000.0,0.06592567577488363
Canada,CAN,North America,NA,2020,2020-2023,Pandemic,13300.0,2300.0,11000.0,0.06261157099487459
Canada,CAN,North America,NA,2021,2020-2023,Pandemic,15100.0,3100.0,12000.0,0.050208481575814805
Canada,CAN,North America,NA,2022,2020-2023,Post-Pandemic,20900.0,3900.0,17000.0,0.050751067229380255
Canada,CAN,North America,NA,2023,2020-2023,Post-Pandemic,26800.0,4800.0,22000.0,0.04834604220898118
Chile,CHL,South America,SA,2011,2010-2014,Pre-Pandemic,2.0,1.0,1.0,0.3333333333333333
Chile,CHL,South America,SA,2012,2010-2014,Pre-Pandemic,10.0,4.0,6.0,0.9090909090909091
Chile,CHL,South America,SA,2013,2010-2014,Pre-Pandemic,13.0,5.0,8.0,0.8125
Chile,CHL,South America,SA,2014,2010-2014,Pre-Pandemic,18.0,5.0,13.0,0.5454545454545454
Chile,CHL,South America,SA,2015,2015-2019,Pre-Pandemic,27.0,5.0,22.0,0.391304347826087
Chile,CHL,South America,SA,2016,2015-2019,Pre-Pandemic,27.0,5.0,22.0,0.27
Chile,CHL,South America,SA,2017,2015-2019,Pre-Pandemic,41.0,6.0,35.0,0.1774891774891775
Chile,CHL,South America,SA,2018,2015-2019,Pre-Pandemic,69.0,8.0,61.0,0.16829268292682928
Chile,CHL,South America,SA,2019,2015-2019,Pre-Pandemic,172.0,42.0,130.0,0.26461538461538464
Chile,CHL,South America,SA,2020,2020-2023,Pandemic,339.0,99.0,240.0,0.4035714285714286
Chile,CHL,South America,SA,2021,2020-2023,Pandemic,480.0,120.0,360.0,0.3401842664776754
Chile,CHL,South America,SA,2022,2020-2023,Post-Pandemic,660.0,220.0,440.0,0.22742935906271536
Chile,CHL,South America,SA,2023,2020-2023,Post-Pandemic,1070.0,330.0,740.0,0.274218349564326
China,CHN,Asia,AS,2014,2010-2014,Pre-Pandemic,30000.0,9000.0,21000.0,0.2508361204013378
China,CHN,Asia,AS,2015,2015-2019,Pre-Pandemic,59000.0,12000.0,47000.0,0.1313981430547173
China,CHN,Asia,AS,2016,2015-2019,Pre-Pandemic,141000.0,55000.0,86000.0,0.14596001316745652
China,CHN,Asia,AS,2017,2015-2019,Pre-Pandemic,213000.0,83000.0,130000.0,0.1203146482236926
China,CHN,Asia,AS,2018,2015-2019,Pre-Pandemic,270000.0,110000.0,160000.0,0.08992155842719868
China,CHN,Asia,AS,2019,2015-2019,Pre-Pandemic,510000.0,210000.0,300000.0,0.1192654650476185
China,CHN,Asia,AS,2020,2020-2023,Pandemic,810000.0,310000.0,500000.0,0.14752392027515943
China,CHN,Asia,AS,2021,2020-2023,Pandemic,1150000.0,470000.0,680000.0,0.12871695388082735
China,CHN,Asia,AS,2022,2020-2023,Post-Pandemic,1760000.0,760000.0,1000000.0,0.11397494752943112
China,CHN,Asia,AS,2023,2020-2023,Post-Pandemic,2700000.0,1200000.0,1500000.0,0.11518790987697931
Denmark,DNK,Europe,EU,2012,2010-2014,Pre-Pandemic,903.0,3.0,900.0,0.6206185567010309
Denmark,DNK,Europe,EU,2013,2010-2014,Pre-Pandemic,1046.0,56.0,990.0,0.5650999459751486
Denmark,DNK,Europe,EU,2014,2010-2014,Pre-Pandemic,1720.0,120.0,1600.0,0.5090263391535957
Denmark,DNK,Europe,EU,2015,2015-2019,Pre-Pandemic,2370.0,270.0,2100.0,0.2572731220147634
Denmark,DNK,Europe,EU,2016,2015-2019,Pre-Pandemic,4510.0,310.0,4200.0,0.4222055794794982
Denmark,DNK,Europe,EU,2017,2015-2019,Pre-Pandemic,4570.0,370.0,4200.0,0.4006311913737179
Denmark,DNK,Europe,EU,2018,2015-2019,Pre-Pandemic,4690.0,390.0,4300.0,0.2894347074796347
Denmark,DNK,Europe,EU,2019,2015-2019,Pre-Pandemic,4950.0,450.0,4500.0,0.1814516129032258
Denmark,DNK,Europe,EU,2020,2020-2023,Pandemic,5960.0,560.0,5400.0,0.09309154522593444
Denmark,DNK,Europe,EU,2021,2020-2023,Pandemic,7240.0,240.0,7000.0,0.04858832135403035
Denmark,DNK,Europe,EU,2022,2020-2023,Post-Pandemic,9500.0,1200.0,8300.0,0.043847300621708565
Denmark,DNK,Europe,EU,2023,2020-2023,Post-Pandemic,17000.0,3000.0,14000.0,0.05305288123956497
Finland,FIN,Europe,EU,2013,2010-2014,Pre-Pandemic,267.0,17.0,250.0,0.5680851063829787
Finland,FIN,Europe,EU,2014,2010-2014,Pre-Pandemic,386.0,26.0,360.0,0.4150537634408602
Finland,FIN,Europe,EU,2015,2015-2019,Pre-Pandemic,840.0,130.0,710.0,0.5316455696202531
Finland,FIN,Europe,EU,2016,2015-2019,Pre-Pandemic,850.0,140.0,710.0,0.26025719534598896
Finland,FIN,Europe,EU,2017,2015-2019,Pre-Pandemic,850.0,140.0,710.0,0.11558335599673647
Finland,FIN,Europe,EU,2018,2015-2019,Pre-Pandemic,930.0,220.0,710.0,0.0592281238058846
Finland,FIN,Europe,EU,2019,2015-2019,Pre-Pandemic,2140.0,340.0,1800.0,0.07091728525980912
Finland,FIN,Europe,EU,2020,2020-2023,Pandemic,4310.0,410.0,3900.0,0.0764930339870441
Finland,FIN,Europe,EU,2021,2020-2023,Pandemic,6570.0,770.0,5800.0,0.06488119926527226
Finland,FIN,Europe,EU,2022,2020-2023,Post-Pandemic,9000.0,1300.0,7700.0,0.061042193720793
Finland,FIN,Europe,EU,2023,2020-2023,Post-Pandemic,12100.0,2800.0,9300.0,0.053013441755314486
France,FRA,Europe,EU,2012,2010-2014,Pre-Pandemic,809.0,9.0,800.0,0.048861508727426464
France,FRA,Europe,EU,2013,2010-2014,Pre-Pandemic,1800.0,100.0,1700.0,0.05796914753148047
France,FRA,Europe,EU,2014,2010-2014,Pre-Pandemic,1810.0,110.0,1700.0,0.037508289124668436
France,FRA,Europe,EU,2015,2015-2019,Pre-Pandemic,10480.0,580.0,9900.0,0.1374516361728638
France,FRA,Europe,EU,2016,2015-2019,Pre-Pandemic,20000.0,1000.0,19000.0,0.17776987689436025
France,FRA,Europe,EU,2017,2015-2019,Pre-Pandemic,21000.0,1000.0,20000.0,0.11522633744855967
France,FRA,Europe,EU,2018,2015-2019,Pre-Pandemic,24700.0,1700.0,23000.0,0.1063216164329313
France,FRA,Europe,EU,2019,2015-2019,Pre-Pandemic,30000.0,2000.0,28000.0,0.09699352406570988
France,FRA,Europe,EU,2020,2020-2023,Pandemic,34300.0,3300.0,31000.0,0.06810650029883464
France,FRA,Europe,EU,2021,2020-2023,Pandemic,54500.0,4500.0,50000.0,0.06706511961587068
France,FRA,Europe,EU,2022,2020-2023,Post-Pandemic,83700.0,9700.0,74000.0,0.0741981151728497
France,FRA,Europe,EU,2023,2020-2023,Post-Pandemic,118000.0,20000.0,98000.0,0.07110074191816546
Germany,DEU,Europe,EU,2012,2010-2014,Pre-Pandemic,1518.0,18.0,1500.0,0.22362993517972893
Germany,DEU,Europe,EU,2013,2010-2014,Pre-Pandemic,2447.0,47.0,2400.0,0.1709515159983233
Germany,DEU,Europe,EU,2014,2010-2014,Pre-Pandemic,2720.0,120.0,2600.0,0.09603163395000706
Germany,DEU,Europe,EU,2015,2015-2019,Pre-Pandemic,5070.0,470.0,4600.0,0.10349895888621238
Germany,DEU,Europe,EU,2016,2015-2019,Pre-Pandemic,6430.0,630.0,5800.0,0.08855041727490566
Germany,DEU,Europe,EU,2017,2015-2019,Pre-Pandemic,10800.0,1400.0,9400.0,0.09348706762231225
Germany,DEU,Europe,EU,2018,2015-2019,Pre-Pandemic,19500.0,2500.0,17000.0,0.10659582144379941
Germany,DEU,Europe,EU,2019,2015-2019,Pre-Pandemic,29900.0,3900.0,26000.0,0.11365882585491204
Germany,DEU,Europe,EU,2020,2020-2023,Pandemic,43200.0,6200.0,37000.0,0.06783014201935986
Germany,DEU,Europe,EU,2021,2020-2023,Pandemic,59300.0,9300.0,50000.0,0.04579139971104314
Germany,DEU,Europe,EU,2022,2020-2023,Post-Pandemic,86000.0,15000.0,71000.0,0.044822388678907
Germany,DEU,Europe,EU,2023,2020-2023,Post-Pandemic,108000.0,21000.0,87000.0,0.04150227474736451
Greece,GRC,Europe,EU,2013,2010-2014,Pre-Pandemic,10.0,0.0,10.0,3.3333333333333335
Greece,GRC,Europe,EU,2014,2010-2014,Pre-Pandemic,16.0,2.0,14.0,0.38095238095238093
Greece,GRC,Europe,EU,2015,2015-2019,Pre-Pandemic,16.0,2.0,14.0,0.13445378151260504
Greece,GRC,Europe,EU,2016,2015-2019,Pre-Pandemic,17.0,2.0,15.0,0.0779816513761468
Greece,GRC,Europe,EU,2017,2015-2019,Pre-Pandemic,24.0,2.0,22.0,0.05853658536585366
Greece,GRC,Europe,EU,2018,2015-2019,Pre-Pandemic,41.0,10.0,31.0,0.05694444444444444
Greece,GRC,Europe,EU,2019,2015-2019,Pre-Pandemic,73.0,10.0,63.0,0.060833333333333336
Greece,GRC,Europe,EU,2020,2020-2023,Pandemic,234.0,14.0,220.0,0.07090909090909091
Greece,GRC,Europe,EU,2021,2020-2023,Pandemic,1300.0,100.0,1200.0,0.1262135922330097
Greece,GRC,Europe,EU,2022,2020-2023,Post-Pandemic,2990.0,190.0,2800.0,0.1541237113402062
Greece,GRC,Europe,EU,2023,2020-2023,Post-Pandemic,5130.0,330.0,4800.0,0.15088235294117647
Iceland,ISL,Europe,EU,2014,2010-2014,Pre-Pandemic,6.0,6.0,0.0,0.020338983050847456
Iceland,ISL,Europe,EU,2015,2015-2019,Pre-Pandemic,22.0,11.0,11.0,0.03081232492997199
Iceland,ISL,Europe,EU,2016,2015-2019,Pre-Pandemic,51.0,40.0,11.0,0.03262955854126679
Iceland,ISL,Europe,EU,2017,2015-2019,Pre-Pandemic,68.0,36.0,32.0,0.01742696053305997
Iceland,ISL,Europe,EU,2018,2015-2019,Pre-Pandemic,95.0,55.0,40.0,0.011849819134339528
Iceland,ISL,Europe,EU,2019,2015-2019,Pre-Pandemic,260.0,150.0,110.0,0.023569939262079592
Iceland,ISL,Europe,EU,2020,2020-2023,Pandemic,480.0,190.0,290.0,0.031936127744510975
Iceland,ISL,Europe,EU,2021,2020-2023,Pandemic,680.0,120.0,560.0,0.03158236960661372
Iceland,ISL,Europe,EU,2022,2020-2023,Post-Pandemic,1030.0,180.0,850.0,0.03118282825224789
Iceland,ISL,Europe,EU,2023,2020-2023,Post-Pandemic,1560.0,160.0,1400.0,0.035432802598405526
India,IND,Asia,AS,2016,2015-2019,Pre-Pandemic,25.0,25.0,0.0,0.004921259842519685
India,IND,Asia,AS,2017,2015-2019,Pre-Pandemic,245.0,25.0,220.0,0.028823529411764706
India,IND,Asia,AS,2018,2015-2019,Pre-Pandemic,355.0,25.0,330.0,0.03256880733944954
India,IND,Asia,AS,2019,2015-2019,Pre-Pandemic,355.0,25.0,330.0,0.027611417904643384
India,IND,Asia,AS,2020,2020-2023,Pandemic,355.0,25.0,330.0,0.019887955182072828
India,IND,Asia,AS,2021,2020-2023,Pandemic,942.0,32.0,910.0,0.029809183253694502
India,IND,Asia,AS,2022,2020-2023,Post-Pandemic,10900.0,4100.0,6800.0,0.1327277376618
India,IND,Asia,AS,2023,2020-2023,Post-Pandemic,10900.0,4100.0,6800.0,0.06558639653896374
Indonesia,IDN,Asia,AS,2020,2020-2023,Pandemic,101.0,51.0,50.0,0.0
Indonesia,IDN,Asia,AS,2021,2020-2023,Pandemic,184.0,130.0,54.0,0.0
Indonesia,IDN,Asia,AS,2022,2020-2023,Post-Pandemic,710.0,130.0,580.0,0.0
Indonesia,IDN,Asia,AS,2023,2020-2023,Post-Pandemic,710.0,130.0,580.0,0.0
Israel,ISR,Asia,AS,2015,2015-2019,Pre-Pandemic,0.200000002980232,0.100000001490116,0.100000001490116,0.00014925373356733732
Israel,ISR,Asia,AS,2016,2015-2019,Pre-Pandemic,0.200000002980232,0.100000001490116,0.100000001490116,0.00014234875656956013
Israel,ISR,Asia,AS,2017,2015-2019,Pre-Pandemic,0.200000002980232,0.100000001490116,0.100000001490116,6.35930057170849e-05
Israel,ISR,Asia,AS,2018,2015-2019,Pre-Pandemic,0.200000002980232,0.100000001490116,0.100000001490116,2.9078220846209943e-05
Israel,ISR,Asia,AS,2019,2015-2019,Pre-Pandemic,0.200000002980232,0.100000001490116,0.100000001490116,1.7400383067707674e-05
Israel,ISR,Asia,AS,2020,2020-2023,Pandemic,0.100000001490116,0.100000001490116,0.0,5.284853688305464e-06
Israel,ISR,Asia,AS,2021,2020-2023,Pandemic,0.100000001490116,0.100000001490116,0.0,2.3161015724040207e-06
Israel,ISR,Asia,AS,2022,2020-2023,Post-Pandemic,2770.0,270.0,2500.0,0.031214784764480506
Israel,ISR,Asia,AS,2023,2020-2023,Post-Pandemic,4910.0,710.0,4200.0,0.03221362025980842
Italy,ITA,Europe,EU,2012,2010-2014,Pre-Pandemic,1401.0,1.0,1400.0,0.5604
Italy,ITA,Europe,EU,2013,2010-2014,Pre-Pandemic,1406.0,6.0,1400.0,0.39273743016759777
Italy,ITA,Europe,EU,2014,2010-2014,Pre-Pandemic,1410.0,10.0,1400.0,0.26454033771106944
Italy,ITA,Europe,EU,2015,2015-2019,Pre-Pandemic,1770.0,70.0,1700.0,0.22628483763743287
Italy,ITA,Europe,EU,2016,2015-2019,Pre-Pandemic,2470.0,170.0,2300.0,0.21549467806665504
Italy,ITA,Europe,EU,2017,2015-2019,Pre-Pandemic,2790.0,390.0,2400.0,0.16736652669466107
Italy,ITA,Europe,EU,2018,2015-2019,Pre-Pandemic,3470.0,570.0,2900.0,0.12835213611984464
Italy,ITA,Europe,EU,2019,2015-2019,Pre-Pandemic,9160.0,860.0,8300.0,0.20121254722783588
Italy,ITA,Europe,EU,2020,2020-2023,Pandemic,13200.0,1200.0,12000.0,0.12448602361462145
Italy,ITA,Europe,EU,2021,2020-2023,Pandemic,22200.0,2200.0,20000.0,0.09226242425753685
Italy,ITA,Europe,EU,2022,2020-2023,Post-Pandemic,37500.0,6500.0,31000.0,0.10275126795064651
Italy,ITA,Europe,EU,2023,2020-2023,Post-Pandemic,48100.0,8100.0,40000.0,0.09354828044257478
Japan,JPN,Asia,AS,2010,2010-2014,Pre-Pandemic,310.0,310.0,0.0,0.08857142857142856
Japan,JPN,Asia,AS,2011,2010-2014,Pre-Pandemic,800.0,800.0,0.0,0.04742989268986779
Japan,JPN,Asia,AS,2012,2010-2014,Pre-Pandemic,1400.0,1400.0,0.0,0.03159842910666727
Japan,JPN,Asia,AS,2013,2010-2014,Pre-Pandemic,1800.0,1800.0,0.0,0.024189321758294923
Japan,JPN,Asia,AS,2014,2010-2014,Pre-Pandemic,11500.0,2900.0,8600.0,0.097939856411654
Japan,JPN,Asia,AS,2015,2015-2019,Pre-Pandemic,22000.0,6000.0,16000.0,0.15523458061966822
Japan,JPN,Asia,AS,2016,2015-2019,Pre-Pandemic,24100.0,7100.0,17000.0,0.14873880601620698
Japan,JPN,Asia,AS,2017,2015-2019,Pre-Pandemic,29300.0,7300.0,22000.0,0.1393718278639008
Japan,JPN,Asia,AS,2018,2015-2019,Pre-Pandemic,29700.0,7700.0,22000.0,0.12316292339846731
Japan,JPN,Asia,AS,2019,2015-2019,Pre-Pandemic,30900.0,7900.0,23000.0,0.11343529048979083
Japan,JPN,Asia,AS,2020,2020-2023,Pandemic,29900.0,7900.0,22000.0,0.09515565428264093
Japan,JPN,Asia,AS,2021,2020-2023,Pandemic,29000.0,8000.0,21000.0,0.0810708055642528
Japan,JPN,Asia,AS,2022,2020-2023,Post-Pandemic,29400.0,8400.0,21000.0,0.06436894351734677
Japan,JPN,Asia,AS,2023,2020-2023,Post-Pandemic,31600.0,9600.0,22000.0,0.05609600227224313
Mexico,MEX,North America,NA,2015,2015-2019,Pre-Pandemic,83.0,0.0,83.0,0.3360323886639676
Mexico,MEX,North America,NA,2016,2015-2019,Pre-Pandemic,246.0,6.0,240.0,0.23883495145631067
Mexico,MEX,North America,NA,2017,2015-2019,Pre-Pandemic,750.0,50.0,700.0,0.336322869955157
Mexico,MEX,North America,NA,2018,2015-2019,Pre-Pandemic,1176.0,76.0,1100.0,0.29181141439205954
Mexico,MEX,North America,NA,2019,2015-2019,Pre-Pandemic,1176.0,76.0,1100.0,0.21
Mexico,MEX,North America,NA,2020,2020-2023,Pandemic,1176.0,76.0,1100.0,0.12378947368421053
Mexico,MEX,North America,NA,2021,2020-2023,Pandemic,1176.0,76.0,1100.0,0.0735
Mexico,MEX,North America,NA,2022,2020-2023,Post-Pandemic,2076.0,76.0,2000.0,0.0865
Mexico,MEX,North America,NA,2023,2020-2023,Post-Pandemic,2076.0,76.0,2000.0,0.0519
Netherlands,NLD,Europe,EU,2010,2010-2014,Pre-Pandemic,400.0,0.0,400.0,0.9876543209876543
Netherlands,NLD,Europe,EU,2011,2010-2014,Pre-Pandemic,400.0,0.0,400.0,0.2991772625280479
Netherlands,NLD,Europe,EU,2012,2010-2014,Pre-Pandemic,2821.0,21.0,2800.0,0.4106259097525473
Netherlands,NLD,Europe,EU,2013,2010-2014,Pre-Pandemic,5821.0,21.0,5800.0,0.2008695952241278
Netherlands,NLD,Europe,EU,2014,2010-2014,Pre-Pandemic,12120.0,120.0,12000.0,0.26799810720780515
Netherlands,NLD,Europe,EU,2015,2015-2019,Pre-Pandemic,18220.0,220.0,18000.0,0.20209414792138072
Netherlands,NLD,Europe,EU,2016,2015-2019,Pre-Pandemic,32400.0,400.0,32000.0,0.2843077895069366
Netherlands,NLD,Europe,EU,2017,2015-2019,Pre-Pandemic,33410.0,410.0,33000.0,0.27690063568628426
Netherlands,NLD,Europe,EU,2018,2015-2019,Pre-Pandemic,36820.0,820.0,36000.0,0.2580111697393961
Netherlands,NLD,Europe,EU,2019,2015-2019,Pre-Pandemic,47300.0,1300.0,46000.0,0.22780250052977324
Netherlands,NLD,Europe,EU,2020,2020-2023,Pandemic,65100.0,2100.0,63000.0,0.235984992659453
Netherlands,NLD,Europe,EU,2021,2020-2023,Pandemic,83600.0,2600.0,81000.0,0.21361788462078993
Netherlands,NLD,Europe,EU,2022,2020-2023,Post-Pandemic,124300.0,4300.0,120000.0,0.23157894736842105
Netherlands,NLD,Europe,EU,2023,2020-2023,Post-Pandemic,145800.0,5800.0,140000.0,0.200499460934234
New Zealand,NZL,Oceania,OC,2017,2015-2019,Pre-Pandemic,100.0,100.0,0.0,0.016761649346295676
New Zealand,NZL,Oceania,OC,2018,2015-2019,Pre-Pandemic,289.0,200.0,89.0,0.025180796375359416
New Zealand,NZL,Oceania,OC,2019,2015-2019,Pre-Pandemic,390.0,260.0,130.0,0.02133245815556285
New Zealand,NZL,Oceania,OC,2020,2020-2023,Pandemic,460.0,310.0,150.0,0.019266208745183446
New Zealand,NZL,Oceania,OC,2021,2020-2023,Pandemic,600.0,430.0,170.0,0.016398819285011478
New Zealand,NZL,Oceania,OC,2022,2020-2023,Post-Pandemic,680.0,480.0,200.0,0.010186197702113636
New Zealand,NZL,Oceania,OC,2023,2020-2023,Post-Pandemic,1140.0,860.0,280.0,0.011148162997877938
Norway,NOR,Europe,EU,2010,2010-2014,Pre-Pandemic,2800.0,0.0,2800.0,1.0362694300518134
Norway,NOR,Europe,EU,2011,2010-2014,Pre-Pandemic,3118.0,18.0,3100.0,0.7986680327868853
Norway,NOR,Europe,EU,2012,2010-2014,Pre-Pandemic,3758.0,58.0,3700.0,0.45032953864589575
Norway,NOR,Europe,EU,2013,2010-2014,Pre-Pandemic,4596.0,96.0,4500.0,0.2933929141398021
Norway,NOR,Europe,EU,2014,2010-2014,Pre-Pandemic,5310.0,110.0,5200.0,0.14805933526656256
Norway,NOR,Europe,EU,2015,2015-2019,Pre-Pandemic,5530.0,330.0,5200.0,0.07864832961187831
Norway,NOR,Europe,EU,2016,2015-2019,Pre-Pandemic,7500.0,500.0,7000.0,0.0646256451793577
Norway,NOR,Europe,EU,2017,2015-2019,Pre-Pandemic,9220.0,920.0,8300.0,0.050378934829766193
Norway,NOR,Europe,EU,2018,2015-2019,Pre-Pandemic,10500.0,1200.0,9300.0,0.04168734491315137
Norway,NOR,Europe,EU,2019,2015-2019,Pre-Pandemic,14000.0,4000.0,10000.0,0.041531688678461666
Norway,NOR,Europe,EU,2020,2020-2023,Pandemic,17300.0,5300.0,12000.0,0.034568818925329356
Norway,NOR,Europe,EU,2021,2020-2023,Pandemic,19700.0,6700.0,13000.0,0.030674416757885428
Norway,NOR,Europe,EU,2022,2020-2023,Post-Pandemic,24100.0,9100.0,15000.0,0.02964712539749906
Norway,NOR,Europe,EU,2023,2020-2023,Post-Pandemic,27000.0,11000.0,16000.0,0.028925885453493606
Poland,POL,Europe,EU,2014,2010-2014,Pre-Pandemic,124.0,4.0,120.0,0.0
Poland,POL,Europe,EU,2015,2015-2019,Pre-Pandemic,298.0,8.0,290.0,0.11769352290679305
Poland,POL,Europe,EU,2016,2015-2019,Pre-Pandemic,322.0,32.0,290.0,0.12100714017286734
Poland,POL,Europe,EU,2017,2015-2019,Pre-Pandemic,520.0,110.0,410.0,0.1633678919258561
Poland,POL,Europe,EU,2018,2015-2019,Pre-Pandemic,770.0,280.0,490.0,0.19498607242339833
Poland,POL,Europe,EU,2019,2015-2019,Pre-Pandemic,840.0,310.0,530.0,0.08940926024481106
Poland,POL,Europe,EU,2020,2020-2023,Pandemic,1680.0,680.0,1000.0,0.08835594824865889
Poland,POL,Europe,EU,2021,2020-2023,Pandemic,3700.0,1400.0,2300.0,0.09430836285779828
Poland,POL,Europe,EU,2022,2020-2023,Post-Pandemic,5100.0,1100.0,4000.0,0.07834943849569079
Poland,POL,Europe,EU,2023,2020-2023,Post-Pandemic,5900.0,1500.0,4400.0,0.055506425574350385
Portugal,PRT,Europe,EU,2011,2010-2014,Pre-Pandemic,1106.0,6.0,1100.0,1.2153846153846153
Portugal,PRT,Europe,EU,2012,2010-2014,Pre-Pandemic,1107.0,7.0,1100.0,1.153125
Portugal,PRT,Europe,EU,2013,2010-2014,Pre-Pandemic,1217.0,17.0,1200.0,1.0703605980650837
Portugal,PRT,Europe,EU,2014,2010-2014,Pre-Pandemic,1217.0,17.0,1200.0,0.9041604754829123
Portugal,PRT,Europe,EU,2015,2015-2019,Pre-Pandemic,1222.0,22.0,1200.0,0.48300395256916995
Portugal,PRT,Europe,EU,2016,2015-2019,Pre-Pandemic,1341.0,41.0,1300.0,0.30477272727272725
Portugal,PRT,Europe,EU,2017,2015-2019,Pre-Pandemic,1650.0,150.0,1500.0,0.18541409147095178
Portugal,PRT,Europe,EU,2018,2015-2019,Pre-Pandemic,1780.0,180.0,1600.0,0.10431928734689093
Portugal,PRT,Europe,EU,2019,2015-2019,Pre-Pandemic,1960.0,360.0,1600.0,0.06405228758169934
Portugal,PRT,Europe,EU,2020,2020-2023,Pandemic,2850.0,650.0,2200.0,0.055915244261330196
Portugal,PRT,Europe,EU,2021,2020-2023,Pandemic,4200.0,1400.0,2800.0,0.05222321695016413
Portugal,PRT,Europe,EU,2022,2020-2023,Post-Pandemic,5600.0,1600.0,4000.0,0.048875428750970965
Portugal,PRT,Europe,EU,2023,2020-2023,Post-Pandemic,9400.0,3800.0,5600.0,0.05210671899511638
South Africa,ZAF,Africa,AF,2017,2015-2019,Pre-Pandemic,124.0,37.0,87.0,0.14418604651162792
South Africa,ZAF,Africa,AF,2018,2015-2019,Pre-Pandemic,241.0,81.0,160.0,0.2386138613861386
South Africa,ZAF,Africa,AF,2019,2015-2019,Pre-Pandemic,240.0,130.0,110.0,0.1935483870967742
South Africa,ZAF,Africa,AF,2020,2020-2023,Pandemic,300.0,160.0,140.0,0.20408163265306123
South Africa,ZAF,Africa,AF,2021,2020-2023,Pandemic,300.0,160.0,140.0,0.1723147616312464
South Africa,ZAF,Africa,AF,2022,2020-2023,Post-Pandemic,300.0,160.0,140.0,0.1349527665317139
South Africa,ZAF,Africa,AF,2023,2020-2023,Post-Pandemic,300.0,160.0,140.0,0.08564087924636027
South Korea,KOR,Asia,AS,2016,2015-2019,Pre-Pandemic,2020.0,920.0,1100.0,0.18860877684407096
South Korea,KOR,Asia,AS,2017,2015-2019,Pre-Pandemic,13300.0,3300.0,10000.0,0.5218960916653587
South Korea,KOR,Asia,AS,2018,2015-2019,Pre-Pandemic,27200.0,5200.0,22000.0,0.4392055546584854
South Korea,KOR,Asia,AS,2019,2015-2019,Pre-Pandemic,44400.0,7400.0,37000.0,0.41404392222688485
South Korea,KOR,Asia,AS,2020,2020-2023,Pandemic,46800.0,9800.0,37000.0,0.2723273514419384
South Korea,KOR,Asia,AS,2021,2020-2023,Pandemic,107000.0,15000.0,92000.0,0.3552103044185506
South Korea,KOR,Asia,AS,2022,2020-2023,Post-Pandemic,201000.0,21000.0,180000.0,0.4254148323738571
South Korea,KOR,Asia,AS,2023,2020-2023,Post-Pandemic,201000.0,21000.0,180000.0,0.2964383157584249
Spain,ESP,Europe,EU,2012,2010-2014,Pre-Pandemic,400.0,0.0,400.0,0.39603960396039606
Spain,ESP,Europe,EU,2013,2010-2014,Pre-Pandemic,891.0,91.0,800.0,0.4714285714285714
Spain,ESP,Europe,EU,2014,2010-2014,Pre-Pandemic,910.0,110.0,800.0,0.2513812154696133
Spain,ESP,Europe,EU,2015,2015-2019,Pre-Pandemic,1640.0,240.0,1400.0,0.2411764705882353
Spain,ESP,Europe,EU,2016,2015-2019,Pre-Pandemic,3530.0,230.0,3300.0,0.30964912280701756
Spain,ESP,Europe,EU,2017,2015-2019,Pre-Pandemic,4900.0,600.0,4300.0,0.2520316839831293
Spain,ESP,Europe,EU,2018,2015-2019,Pre-Pandemic,5020.0,620.0,4400.0,0.1522088475182681
Spain,ESP,Europe,EU,2019,2015-2019,Pre-Pandemic,5500.0,1000.0,4500.0,0.10656642963709287
Spain,ESP,Europe,EU,2020,2020-2023,Pandemic,8100.0,2100.0,6000.0,0.08417071067097566
Spain,ESP,Europe,EU,2021,2020-2023,Pandemic,8200.0,2600.0,5600.0,0.04953365872517276
Spain,ESP,Europe,EU,2022,2020-2023,Post-Pandemic,12200.0,2200.0,10000.0,0.050593226313454066
Spain,ESP,Europe,EU,2023,2020-2023,Post-Pandemic,25600.0,6600.0,19000.0,0.0662820924428058
Sweden,SWE,Europe,EU,2013,2010-2014,Pre-Pandemic,5.0,0.0,5.0,0.0015817779183802593
Sweden,SWE,Europe,EU,2014,2010-2014,Pre-Pandemic,1000.0,0.0,1000.0,0.12588116817724068
Sweden,SWE,Europe,EU,2015,2015-2019,Pre-Pandemic,1100.0,0.0,1100.0,0.06946198534983582
Sweden,SWE,Europe,EU,2016,2015-2019,Pre-Pandemic,1700.0,0.0,1700.0,0.060330754489317906
Sweden,SWE,Europe,EU,2017,2015-2019,Pre-Pandemic,4190.0,790.0,3400.0,0.09308008441630568
Sweden,SWE,Europe,EU,2018,2015-2019,Pre-Pandemic,6500.0,1000.0,5500.0,0.09430677267715165
Sweden,SWE,Europe,EU,2019,2015-2019,Pre-Pandemic,9000.0,1200.0,7800.0,0.08889766890557092
Sweden,SWE,Europe,EU,2020,2020-2023,Pandemic,11200.0,1400.0,9800.0,0.06109268633269332
Sweden,SWE,Europe,EU,2021,2020-2023,Pandemic,13700.0,1700.0,12000.0,0.0442809675876246
Sweden,SWE,Europe,EU,2022,2020-2023,Post-Pandemic,17600.0,2600.0,15000.0,0.03869849911389232
Sweden,SWE,Europe,EU,2023,2020-2023,Post-Pandemic,34500.0,4500.0,30000.0,0.05913437558384483
Switzerland,CHE,Europe,EU,2012,2010-2014,Pre-Pandemic,404.0,4.0,400.0,0.31076923076923074
Switzerland,CHE,Europe,EU,2013,2010-2014,Pre-Pandemic,627.0,27.0,600.0,0.22967032967032966
Switzerland,CHE,Europe,EU,2014,2010-2014,Pre-Pandemic,1399.0,99.0,1300.0,0.24543859649122807
Switzerland,CHE,Europe,EU,2015,2015-2019,Pre-Pandemic,3660.0,260.0,3400.0,0.31934386179216473
Switzerland,CHE,Europe,EU,2016,2015-2019,Pre-Pandemic,3850.0,350.0,3500.0,0.23194168323392975
Switzerland,CHE,Europe,EU,2017,2015-2019,Pre-Pandemic,4080.0,580.0,3500.0,0.15869928818701623
Switzerland,CHE,Europe,EU,2018,2015-2019,Pre-Pandemic,5140.0,740.0,4400.0,0.14226010904763223
Switzerland,CHE,Europe,EU,2019,2015-2019,Pre-Pandemic,6320.0,920.0,5400.0,0.12209021539650343
Switzerland,CHE,Europe,EU,2020,2020-2023,Pandemic,7700.0,1000.0,6700.0,0.08891865675088918
Switzerland,CHE,Europe,EU,2021,2020-2023,Pandemic,10100.0,1900.0,8200.0,0.07054747635611808
Switzerland,CHE,Europe,EU,2022,2020-2023,Post-Pandemic,12200.0,2200.0,10000.0,0.05852020625974338
Switzerland,CHE,Europe,EU,2023,2020-2023,Post-Pandemic,15800.0,2800.0,13000.0,0.05496416892785083
Thailand,THA,Asia,AS,2017,2015-2019,Pre-Pandemic,96.0,8.0,88.0,0.0
Thailand,THA,Asia,AS,2018,2015-2019,Pre-Pandemic,96.0,8.0,88.0,0.0
Thailand,THA,Asia,AS,2019,2015-2019,Pre-Pandemic,819.0,69.0,750.0,0.0
Thailand,THA,Asia,AS,2020,2020-2023,Pandemic,1910.0,710.0,1200.0,0.0
Thailand,THA,Asia,AS,2021,2020-2023,Pandemic,2270.0,770.0,1500.0,0.0
Thailand,THA,Asia,AS,2022,2020-2023,Post-Pandemic,2270.0,770.0,1500.0,0.0
Thailand,THA,Asia,AS,2023,2020-2023,Post-Pandemic,2270.0,770.0,1500.0,0.0
Turkey,TUR,Europe,EU,2013,2010-2014,Pre-Pandemic,1.0,1.0,0.0,0.004347826086956522
Turkey,TUR,Europe,EU,2014,2010-2014,Pre-Pandemic,1.0,1.0,0.0,0.0038461538461538464
Turkey,TUR,Europe,EU,2015,2015-2019,Pre-Pandemic,7.0,7.0,0.0,0.01891891891891892
Turkey,TUR,Europe,EU,2016,2015-2019,Pre-Pandemic,18.0,7.0,11.0,0.02857142857142857
Turkey,TUR,Europe,EU,2017,2015-2019,Pre-Pandemic,76.0,7.0,69.0,0.10270270270270271
Turkey,TUR,Europe,EU,2018,2015-2019,Pre-Pandemic,76.0,7.0,69.0,0.08172043010752689
Turkey,TUR,Europe,EU,2019,2015-2019,Pre-Pandemic,180.0,30.0,150.0,0.09782608695652174
Turkey,TUR,Europe,EU,2020,2020-2023,Pandemic,1320.0,120.0,1200.0,0.3384615384615385
Turkey,TUR,Europe,EU,2021,2020-2023,Pandemic,1980.0,180.0,1800.0,0.2302325581395349
Turkey,TUR,Europe,EU,2022,2020-2023,Post-Pandemic,1980.0,180.0,1800.0,0.12147239263803682
Turkey,TUR,Europe,EU,2023,2020-2023,Post-Pandemic,7800.0,800.0,7000.0,0.09523809523809523
United Kingdom,GBR,Europe,EU,2011,2010-2014,Pre-Pandemic,1500.0,0.0,1500.0,0.20891364902506965
United Kingdom,GBR,Europe,EU,2012,2010-2014,Pre-Pandemic,2836.0,36.0,2800.0,0.2956014175526371
United Kingdom,GBR,Europe,EU,2013,2010-2014,Pre-Pandemic,5660.0,260.0,5400.0,0.4530174483752201
United Kingdom,GBR,Europe,EU,2014,2010-2014,Pre-Pandemic,7720.0,520.0,7200.0,0.29156280685852404
United Kingdom,GBR,Europe,EU,2015,2015-2019,Pre-Pandemic,9300.0,1100.0,8200.0,0.17443823385977417
United Kingdom,GBR,Europe,EU,2016,2015-2019,Pre-Pandemic,12800.0,1800.0,11000.0,0.140223261724527
United Kingdom,GBR,Europe,EU,2017,2015-2019,Pre-Pandemic,15200.0,2200.0,13000.0,0.11147127414599803
United Kingdom,GBR,Europe,EU,2018,2015-2019,Pre-Pandemic,17700.0,2700.0,15000.0,0.09080042886530244
United Kingdom,GBR,Europe,EU,2019,2015-2019,Pre-Pandemic,16800.0,2800.0,14000.0,0.06391867110039036
United Kingdom,GBR,Europe,EU,2020,2020-2023,Pandemic,20900.0,3900.0,17000.0,0.04875272338777776
United Kingdom,GBR,Europe,EU,2021,2020-2023,Pandemic,28200.0,5200.0,23000.0,0.037973916497781486
United Kingdom,GBR,Europe,EU,2022,2020-2023,Post-Pandemic,36900.0,6900.0,30000.0,0.03708908013050532
United Kingdom,GBR,Europe,EU,2023,2020-2023,Post-Pandemic,53000.0,10000.0,43000.0,0.0319882186787055
United States,USA,North America,NA,2010,2010-2014,Pre-Pandemic,480.0,0.0,480.0,0.12631578947368421
United States,USA,North America,NA,2011,2010-2014,Pre-Pandemic,3900.0,0.0,3900.0,0.1757548445245606
United States,USA,North America,NA,2012,2010-2014,Pre-Pandemic,12000.0,0.0,12000.0,0.1595744680851064
United States,USA,North America,NA,2013,2010-2014,Pre-Pandemic,15000.0,0.0,15000.0,0.08710295569362987
United States,USA,North America,NA,2014,2010-2014,Pre-Pandemic,20000.0,0.0,20000.0,0.0688978073272818
United States,USA,North America,NA,2015,2015-2019,Pre-Pandemic,31500.0,3500.0,28000.0,0.07854499755637785
United States,USA,North America,NA,2016,2015-2019,Pre-Pandemic,38100.0,3100.0,35000.0,0.06653964173380301
United States,USA,North America,NA,2017,2015-2019,Pre-Pandemic,43400.0,3400.0,40000.0,0.056726390580805044
United States,USA,North America,NA,2018,2015-2019,Pre-Pandemic,54200.0,4200.0,50000.0,0.04803337876711965
United States,USA,North America,NA,2019,2015-2019,Pre-Pandemic,77000.0,13000.0,64000.0,0.052703916243210094
United States,USA,North America,NA,2020,2020-2023,Pandemic,99000.0,17000.0,82000.0,0.05649027625456915
United States,USA,North America,NA,2021,2020-2023,Pandemic,114000.0,22000.0,92000.0,0.05097411990275569
United States,USA,North America,NA,2022,2020-2023,Post-Pandemic,128000.0,28000.0,100000.0,0.04221816898481795
United States,USA,North America,NA,2023,2020-2023,Post-Pandemic,183000.0,43000.0,140000.0,0.03792219525993282
